{"cameraMode":{"drawMode":0,"name":"Shaded","section":"Shading Mode"},"sceneLighting":true,"audioPlay":false,"sceneViewState":{"showFog":true,"showMaterialUpdate":false,"showSkybox":true,"showFlares":true,"showImageEffects":true,"showParticleSystems":true},"in2DMode":false,"pivot":{"x":428.7132873535156,"y":53.2164306640625,"z":33.36390686035156},"rotation":{"x":0.09067279100418091,"y":-0.3325280547142029,"z":0.032039567828178409,"w":0.9382569789886475},"size":28.083595275878908,"orthographic":false}