{"cameraMode":{"drawMode":0,"name":"Shaded","section":"Shading Mode"},"sceneLighting":false,"audioPlay":false,"sceneViewState":{"showFog":true,"showMaterialUpdate":false,"showSkybox":false,"showFlares":true,"showImageEffects":true,"showParticleSystems":true},"in2DMode":false,"pivot":{"x":0.06668984889984131,"y":0.7719290256500244,"z":0.0386165976524353},"rotation":{"x":-0.08635818213224411,"y":0.46493643522262576,"z":-0.045603226870298389,"w":-0.8800156712532044},"size":1.472044587135315,"orthographic":false}