{"cameraMode":{"drawMode":0,"name":"Shaded","section":"Shading Mode"},"sceneLighting":false,"audioPlay":false,"sceneViewState":{"showFog":true,"showMaterialUpdate":false,"showSkybox":false,"showFlares":true,"showImageEffects":true,"showParticleSystems":true},"in2DMode":false,"pivot":{"x":-0.24331042170524598,"y":0.43031322956085207,"z":-0.12988066673278809},"rotation":{"x":-0.08635818213224411,"y":0.46493643522262576,"z":-0.045603226870298389,"w":-0.8800156712532044},"size":1.6853584051132203,"orthographic":false}