{"cameraMode":{"drawMode":0,"name":"Shaded","section":"Shading Mode"},"sceneLighting":false,"audioPlay":false,"sceneViewState":{"showFog":true,"showMaterialUpdate":false,"showSkybox":false,"showFlares":true,"showImageEffects":true,"showParticleSystems":true},"in2DMode":false,"pivot":{"x":-0.4351999759674072,"y":1.8634881973266602,"z":-0.27393150329589846},"rotation":{"x":0.17560327053070069,"y":-0.4573817551136017,"z":0.09254126250743866,"w":0.866911768913269},"size":11.667190551757813,"orthographic":false}